First Name,Last Name,Age
Linda,Williams,93
Sandy,Lara,89
Cheryl,Miller,91
Misty,Spencer,64
Lisa,Warren,95
Emily,Fitzgerald,94
Austin,Duncan,89
Gabrielle,Lucero,97
Jane,Bailey,55
Angela,Padilla,99
Leslie,Watkins,66
Jessica,Johnson,65
Jacqueline,Erickson,62
Becky,Cox,86
Sarah,Ross,93
Debbie,Guerrero,90
Heather,Harris,82
Arthur,Costa,97
Frances,Holmes,76
Nicole,Harmon,91
Melissa,Michael,60
Daniel,Edwards,96
William,Roberts,100
Kelly,Campbell,90
Crystal,Gonzales,86
Stacey,Williams,80
Samantha,Bell,71
Kristin,Sharp,97
Angela,Davis,75
Larry,Walker,77
Briana,Smith,61
Joann,Sanchez,82
Brenda,Hicks,55
Valerie,Houston,98
Shelley,Hill,91
Cody,Freeman,70
James,Bowers,85
Jeffrey,Cox,77
Ashley,King,88
Dustin,Smith,74
Robert,Ramsey,97
Carl,Oconnor,65
Dana,Orozco,83
Amanda,Long,69
Carl,Johnson,67
Donald,Potter,87
John,Proctor,60
Zachary,Butler,80
Scott,Dunn,50
Ellen,Fox,94
Jennifer,Woods,96
Steven,Peters,54
Jacob,Alexander,97
Andrew,Smith,84
Michael,Evans,81
Susan,Walker,53
Debbie,Davis,97
Jo,Boyd,57
Stephen,Tate,86
Benjamin,Fox,74
Micheal,Thompson,70
Stephanie,Singleton,64
Christina,Robinson,85
Yvonne,Medina,89
Jared,Robertson,72
Bruce,Roberts,58
Michael,Parrish,72
Jamie,Wilson,53
Claire,Lewis,89
Raymond,Bowman,74
Shannon,Kelley,85
Kyle,Gray,77
Cesar,Guerra,88
Michelle,Horton,97
Mary,Smith,66
Wayne,Bowman,64
Antonio,Hogan,68
Stephanie,Jones,72
Steven,Barnes,96
Dylan,Wilson,99
Elizabeth,Sexton,92
Judith,Diaz,71
Brendan,Stanton,60
Devin,Johnson,60
Stephanie,Welch,90
Shaun,Lopez,69
Scott,Williamson,66
Tracy,Wolfe,77
Timothy,Brooks,92
Sean,Jones,90
Michele,Schmidt,82
Anthony,Myers,58
Blake,Landry,69
Scott,Bass,70
Gary,Rodriguez,53
Jeremy,Harris,81
Robert,Taylor,91
Francisco,Shepard,50
Jennifer,Collins,89
